Variable,Baseline,Optimal,Change_%,Min_Bound,Max_Bound,Within_Bounds,Controllable
cumulative_penicillin,1106825.6501641397,1151206.597,4.009750481413111,1151206.597,1151206.597,True,False
substrate,4.021123243608728,30.763760750494242,665.0539137140578,0.0006175445,32.47920000000001,True,True
RQ,0.01837177480039992,0.010936708767264835,-40.47004774396232,0.004325235568971199,0.03236169218008937,True,True
specific_production_rate,0.005313145631287294,-0.004829967190709239,-190.90598161411606,-0.0051688641639793,0.013282036105278,True,True
substrate_rate,0.08200440227033617,0.6898868298381695,741.2802370827419,-0.0037715500000000002,0.6899999999999981,True,True
base_flow,61.868765082550546,110.97696249756079,79.37478200750562,3.837534999999999,157.1365000000001,True,True
DO,12.560986188276697,11.144039881726744,-11.280533911202003,9.89579,14.828,True,True
OUR,1.260850384890795,0.5556485939542468,-55.93064802828508,0.38044249999999996,1.9351,True,True
viscosity,50.0662696469812,73.06015892458196,45.92690735645251,10.216,81.499,True,True
